{"cameraMode":{"drawMode":0,"name":"Shaded","section":"Shading Mode"},"sceneLighting":true,"audioPlay":false,"sceneViewState":{"m_AlwaysRefresh":false,"showFog":true,"showSkybox":true,"showFlares":true,"showImageEffects":true,"showParticleSystems":true,"showVisualEffectGraphs":true,"m_FxEnabled":true},"in2DMode":false,"pivot":{"x":0.5715349316596985,"y":0.28907817602157595,"z":1.1407486200332642},"rotation":{"x":0.18949910998344422,"y":-0.7105706930160523,"z":0.20886968076229096,"w":0.644650399684906},"size":0.8660253882408142,"orthographic":false}